[
    {
        "group": "Austin",
        "repo": "www-chapter-austin",
        "name": "OWASP Austin Chapter Monthly Meeting - July 2024 (Online)",
        "date": "2024-07-30",
        "time": "11:30-05:00",
        "link": "https://www.meetup.com/owasp-austin-chapter/events/298207014",
        "timezone": "America/Chicago",
        "description": "30 minutes of meet-and-greet and Chapter information, then the Presentation! Presentation begins at 12 CDT!\n\nPresentation: **Cyber Resilience - Findings from the 2024 Futures Report**\n\nWe are poised on the precipice of a new era of computing underpinned by new networks, new apps, and a digital-first experience.\nHear the latest findings from AT&T Cybersecurity research and learn about:\n\\- What high\\-priority edge computing use cases are across seven industry markets\n\\- How to secure and work with the edge ecosystem\n\\- How the attack surface is changing\n\\- How endpoints are diversifying\nThe data from this research helps audiences understand challenges and opportunities of the future and examines:\n\\- Balanced investment strategies\n\\- Collaboration and communication needs\n\\- Building with dynamic cyber resilience in mind\nSecurity is now a critical part of business - learn how to move your team to the future!"
    },
    {
        "group": "Austin",
        "repo": "www-chapter-austin",
        "name": "OWASP Austin Study Group",
        "date": "2024-07-18",
        "time": "12:00-05:00",
        "link": "https://www.meetup.com/owasp-austin-chapter/events/301903126",
        "timezone": "America/Chicago",
        "description": "Since 4/25/24: discussions on AI and LLM's generally and the Coursera Prompt Engineering series from Vanderbilt specifically. We are now studying ChatGPT Advanced Data Analysis....\n\nFor General Study Group info, see #studygroup in OWASPAustin Slack\nFor topic specific info, see #ai in the OWASPAustin Slack"
    },
    {
        "group": "Austin",
        "repo": "www-chapter-austin",
        "name": "July 2024 OWASP Austin Security Professionals Happy Hour - sponsor SecureLayer7",
        "date": "2024-07-11",
        "time": "17:30-05:00",
        "link": "https://www.meetup.com/owasp-austin-chapter/events/302000237",
        "timezone": "America/Chicago",
        "description": "**When:** Thursday, July 11th, 5:30 pm - 7:30 pm\n\n**Where:** Lavaca Street Bar at the Domain Northside (Rock Rose District), 11420 Rock Rose Ave #100, Austin, TX 78758. We will have tables reserved inside the bar, to the right as you enter. Parking: nearest parking in the Red Garage located off of Rock Rose Ave ([map of Domain](https://domainnorthside.com/map/)).\n\n**What:** The Austin Security Professionals Happy Hour is a monthly event coordinated by the OWASP Austin Chapter and sponsored by various companies. We try to meet every second Thursday of the month from January to September (but occasionally we make schedule adjustments when needed). The event is an informal social gathering of local information security professionals. If you're involved with InfoSec or even if you have an interest, come on out for drinks, good food and conversation.\n\n**Sponsor:** [SecureLayer7](https://securelayer7.net)\n*SecureLayer7 presents BugDazz: Empowering pentesting excellence for large enterprises and SMEs. Step into the future of cybersecurity with BugDazz and transform your strategy today. Trusted by leading organizations worldwide, elevate your pentesting program to new heights and ensure the security of your organization.*"
    },
    {
        "group": "Austin",
        "repo": "www-chapter-austin",
        "name": "OWASP Austin Study Group",
        "date": "2024-07-11",
        "time": "12:00-05:00",
        "link": "https://www.meetup.com/owasp-austin-chapter/events/301781798",
        "timezone": "America/Chicago",
        "description": "Since 4/25/24: discussions on AI and LLM's generally and the Coursera Prompt Engineering series from Vanderbilt specifically. We are now studying ChatGPT Advanced Data Analysis....\n\nFor General Study Group info, see #studygroup in OWASPAustin Slack\nFor topic specific info, see #ai in the OWASPAustin Slack"
    },
    {
        "group": "Bangalore",
        "repo": "www-chapter-bangalore",
        "name": "Null/OWASP Combined Monthly Meet on 20 July 2024",
        "date": "2024-07-20",
        "time": "09:30+05:30",
        "link": "https://www.meetup.com/owasp-bangalore-chapter/events/301657456",
        "timezone": "Asia/Kolkata",
        "description": "null/owasp combined meets are free for anyone to attend. There are absolutely no fees. Just come with an open mind and willingness to share and learn.\n\n* Deepfakes Detection Techniques by **pretti Rajesh**\n* Block chain and Smart contracts by **Meera**\n* There's no honour among phishers: free phishing kits with hidden backdoors by **Anshuman**\n* Building your own threat intel sink by **Pavan Karthick M**\n\n### Session Schedule\n\n| Name | Speaker | Start Time | End Time | Resources |\n| ---- | ------- | ---------- | -------- | --------- |\n| **Welcome Note / Registrations** | 09:30 AM | 09:40 AM | |\n| [Deepfakes Detection Techniques](https://null.community/event_sessions/4336-deepfakes-detection-techniques) | [pretti Rajesh](https://null.community/profile/48106-pretti-rajesh) | 09:40 AM | 10:10 AM | |\n| **Introduction to beginners** | 10:10 AM | 10:25 AM | |\n| [Block chain and Smart contracts](https://null.community/event_sessions/4338-block-chain-and-smart-contracts) | [Place Holder](https://null.community/profile/2-place-holder) | 10:25 AM | 11:20 AM | |\n| **Networking Session + Break** | 11:20 AM | 11:45 AM | |\n| [There's no honour among phishers: free phishing kits with hidden backdoors](https://null.community/event_sessions/4340-there-s-no-honour-among-phishers-free-phishing-kits-with-hidden-backdoors) | [Place Holder](https://null.community/profile/2-place-holder) | 11:45 AM | 12:40 PM | |\n| [Building your own threat intel sink](https://null.community/event_sessions/4341-building-your-own-threat-intel-sink) | [Pavan Karthick M](https://null.community/profile/37062-pavan-karthick-m) | 12:40 PM | 01:35 PM | |\n| **Feedback + Next Month\u2019s Planning** | 01:35 PM | 01:55 PM |"
    },
    {
        "group": "Belem",
        "repo": "www-chapter-belem",
        "name": "Owasp Bel\u00e9m UEPA 2024",
        "date": "2024-08-03",
        "time": "08:30-04:00",
        "link": "https://www.meetup.com/owasp-belem/events/301800873",
        "timezone": "America/Boa_Vista",
        "description": "No dia 03 de agosto, a OWASP Bel\u00e9m proporcionar\u00e1 mais um Meetup presencial ( \\m/ ), com apresenta\u00e7\u00f5es de extrema relev\u00e2ncia no contexto de seguran\u00e7a da informa\u00e7\u00e3o com a computa\u00e7\u00e3o forense. Todo dia nos deparamos com not\u00edcias sobre vazamentos de dados. Sendo assim, a propaga\u00e7\u00e3o de conhecimento, proporcionar\u00e1 softwares, sistemas e procedimentos mais seguros, assim minimizando esta crise.\n\nData: 03/008/2024 (S\u00e1bado)\nLocal: UEPA - Tv. Dr. En\u00e9as Pinheiro, 2626 - Marco\n\nEm breve, mais informa\u00e7\u00f5es."
    },
    {
        "group": "Boston",
        "repo": "www-chapter-boston",
        "name": "OWASP Boston Chapter Meeting - July 2024",
        "date": "2024-07-10",
        "time": "18:30-04:00",
        "link": "https://www.meetup.com/owaspboston/events/301854743",
        "timezone": "America/New_York",
        "description": "This month we will be welcoming Thomas Gleason as our presenter. Thomas will be giving his presentation Be a Better Robert Oppenheimer.\n\nIn the tech world, developers, likened to modern Oppenheimers, innovate quickly but may overlook security. This presentation proposes a unified language for AppSec, balancing development and security priorities. It emphasizes understanding open-source usage, risks in tooling practices, and contextualizing vulnerabilities. Join us to align security with development goals, fostering rapid innovation while ensuring security.\n\nThomas Gleason is an AppSec enthusiast who enjoys building teams and tools to enhance security. He has hands-on experience with the pros and cons of DevSecOps. Outside of work, he cherishes his Rhode Island home and has a penchant for a well-cooked risotto. His professional expertise and personal interests make him a well-rounded individual in the field."
    },
    {
        "group": "Brisbane",
        "repo": "www-chapter-brisbane",
        "name": "Threat modelling software supply chains during a red team assessment.",
        "date": "2024-07-17",
        "time": "18:00+10:00",
        "link": "https://www.meetup.com/brisbane-owasp-meetup-group/events/301741599",
        "timezone": "Australia/Brisbane",
        "description": "The software supply chain is under increasing threat. New attacks and threats have popped up that we couldn't have imagined even two years ago. Total attacks on the software supply chain are increasing by more than 730% year on year since 2019. One way for organizations to combat this growing threat is to empower their red teams to test the software supply chains for that organization. But many red teams are ill-prepared to tackle this new attack surface.\n\nThis talk will have three distinct parts:\n\n1\\. I will describe how security teams\\, red teams\\, or security researchers can quickly identify the multiple components in a particular applications software supply chain\\, and then how to find soft targets to focus on\\.\n2\\. I will describe my VBP framework \\(value\\, behaviour and patterns\\) which is an applied threat modelling framework for software supply chains\\.\n3\\. Finally\\, I will visually describe one of my red team operations on an open\\-source project and the tools that I use \\(or have written\\) to make that possible\\."
    },
    {
        "group": "Cairo",
        "repo": "www-chapter-cairo",
        "name": "OWASP Cairo AppSec Meetup",
        "date": "2024-07-09",
        "time": "19:00+03:00",
        "link": "https://www.meetup.com/owasp-cairo-chapter/events/302014205",
        "timezone": "Africa/Cairo",
        "description": "## Event Agenda:\n\n**19:00 - 19:30 OWASP top 10 for LLM applications [By: George Fahmy]**\n**Description:**\nIf you used ChatGPT before, you've used an LLM application. In this talk we'll explain how LLM applications work and briefly talk about the top 10 security defects in LLM applications with the OWASP LLM top 10\n\n**19:30 - 20:15 Exploring Future Career Opportunities in Cyber Security [By: Mohamed Alfateh]**\n**Description:**\nAre you a computer science, computer engineering, or other related student interested in the field of cyber security? Join us for a presentation on the various career paths and job opportunities available in the rapidly growing field of cyber security. Learn about the different specialization tracks, prerequisites, and required skills for a successful career in cyber security. Whether you're a current student or looking to make a career change, this session will provide valuable insight into the exciting world of cyber security and how you can prepare for the jobs of the future.\n\n**20:15 - 20:45 Networking and Job flea market**"
    },
    {
        "group": "Cincinnati",
        "repo": "www-chapter-cincinnati",
        "name": "Secrets Revealed for Launching a Successful Enterprise DevSecOps Program",
        "date": "2024-07-18",
        "time": "16:00-04:00",
        "link": "https://www.meetup.com/owasp-cincinnati-meetup-group/events/301914266",
        "timezone": "America/New_York",
        "description": "**This meeting will be in-person! Thank you to Kroger for hosting at their Kroger Blue Ash Technology Center. For security, RSVP by 2 days prior to the meeting is required.**\n\n**Sponsored by [Traceable](https://www.traceable.ai/)**\n\nThis presentation walks through the patterns of successfully starting of a DevSecOps program from scratch. As such, it focuses on the strategies derived from both the successes and failures and lessons learned along the way on this journey. Lastly, this talk concludes how White House Executive Order (14028) centered around SBOM shapes the next steps of the DevSecOps maturity model and how organizations can leverage this new piece of legislation to bolster their application security defenses.\n\n**Approximate schedule:**\n4:00 - Doors open. Come for networking and refreshments\n4:15 - Presentation begins.\n5:15 - Networking and refreshments resume!\n6:00 EOE (End of Event)"
    },
    {
        "group": "Colorado Springs",
        "repo": "www-chapter-colorado-springs",
        "name": "NO EVENT IN JULY",
        "date": "2024-07-25",
        "time": "19:00-06:00",
        "link": "https://www.meetup.com/owasp-colorado-springs-meetup/events/301939938",
        "timezone": "America/Denver",
        "description": "We're taking July off so you can enjoy some summer vacation time. See you again in August! -Terry"
    },
    {
        "group": "Columbus",
        "repo": "www-chapter-columbus",
        "name": "Lessons from recent breaches",
        "date": "2024-07-18",
        "time": "18:00-04:00",
        "link": "https://www.meetup.com/columbus-owasp/events/301083987",
        "timezone": "America/New_York",
        "description": "Jay Bobo from CoverMyMeds is speaking! I'll get an abstract up here shortly, but it will be fantastic.\n\nAnd we are at a NEW location! Check it out!"
    },
    {
        "group": "Cotonou",
        "repo": "www-chapter-cotonou",
        "name": "La Sensibilisation \u00e0 la S\u00e9curit\u00e9 Informatique",
        "date": "2024-07-15",
        "time": "08:00+01:00",
        "link": "https://www.meetup.com/owasp-cotonou-chapter/events/301698937",
        "timezone": "Africa/Lagos",
        "description": "Le Chapitre Cotonou de la fondation OWASP en partenariat avec l\u2019Agence des Syst\u00e8mes d\u2019information et du Num\u00e9rique (ASIN), organise du 15 au 19 Juillet 2024 une formation de 5 jours sur le th\u00e8me : sensibilisation \u00e0 la s\u00e9curit\u00e9 de l\u2019information. Cette formation est destin\u00e9e \u00e0 toute personne qui d\u00e9sire approfondir ses connaissances en s\u00e9curit\u00e9 informatique pour ne pas demeurer le maillon faible du syst\u00e8me de management de la s\u00e9curit\u00e9 de son organisation. N'h\u00e9sitez pas \u00e0 vous inscrire tr\u00e8s rapidement \u00e0 partir du lien sur l'affiche ([https://owaspformation.emes.bj](https://owaspformation.emes.bj) /) car le nombre de places est tr\u00e8s tr\u00e8s limit\u00e9."
    },
    {
        "group": "Denver",
        "repo": "www-chapter-denver",
        "name": "Denver OWASP July Meetup - Join Us!",
        "date": "2024-07-17",
        "time": "17:00-06:00",
        "link": "https://www.meetup.com/owasp-denver-chapter/events/302000550",
        "timezone": "America/Denver",
        "description": "**Everyone is welcome! Bring a friend...**\n\nJoin us on July 17th for food, drinks, networking and an exciting presentation. Networking with your peers starts at 5:00 - food is served at 5:30 and the presentation starts at 6:00.\n\nThis month's meeting is brought to you by [Synopsys!](www.synopsys.com)\n\n**Presentation:** AI in the Age of Application Security\n\n**Abstract:** This talk will address key aspects of AI security, including the OWASP Top 10 for LLMs and concerns with AI-generated source code. We will cover advanced snippet scanning for early supply chain\ndetection and the use of \"guardrails\" to enforce security policies and how they can protect AI models.\n\nAutomation is crucial for improving security outcomes. According to Gartner, automating security activities can boost an organization's ability to meet targets by 15%. We'll discuss methods to simplify and\nautomate remediation processes for security vulnerabilities in application security.\n\nAdditionally, the session will feature an overview of Polaris Assist. Join us to learn how to secure AI systems effectively and leverage automation for robust protection."
    },
    {
        "group": "Dhaka",
        "repo": "www-chapter-dhaka",
        "name": "OWASP Meetup at Kushtia, Islamic University",
        "date": "2024-07-13",
        "time": "10:00+06:00",
        "link": "https://www.meetup.com/owasp-dhaka-chapter/events/301915195",
        "timezone": "Asia/Dhaka",
        "description": "Join us at OWASP Dhaka Chapter physical event at Islamic University, Kushtia for an interactive discussion on Navigating Cybersecurity: Current Threats and Future Trends. In the wake of cyber threats, it is crucial to strengthen Software Security by understanding the best practices for Application Security and White Hat Hacking. This session will cover practical insights on open source tools and methodologies to secure web applications and detect vulnerabilities.\n\nIn the spirit of the successful event \"OWASP Dhaka Chapter Cyber Awareness Day 2023,\" this workshop aims to empower participants with the necessary skills to safeguard their systems and tackle cybersecurity challenges effectively. Don't miss this opportunity who are available near at Kushtia."
    },
    {
        "group": "Frankfurt",
        "repo": "www-chapter-frankfurt",
        "name": "OWASP Frankfurt Chapter #66 - Cloud Security & Vulnerability Disclosure",
        "date": "2024-07-31",
        "time": "18:00+02:00",
        "link": "https://www.meetup.com/owasp-frankfurt/events/300654912",
        "timezone": "Europe/Berlin",
        "description": "Hello everyone, we're excited to invite you to our OWASP Chapter meeting #66! Our Chapter serves central Germany, particularly within the Rhine-Main (Hesse) region, as a platform to discuss and share information and application security topics. Anyone who is interested and enthusiastic about application security or security in general is welcome. All meetings are free and open. You do not have to be an OWASP member.\n\nThere will also be plenty of time to socialize before and after the event.\n\n_What are we going to talk about?\n\n**1\\. Talk:** **Security at Scale - Mastering Cloud Security in the Cyberwar Era**\n\n*Dominik Sowinski, Cybersecurity Architect & Cybersecurity Community Lead, Siemens*\n\nIn the midst of rapid cloud transformation, industrial organisations face an ever-evolving cyber threat landscape, exacerbated by global events such as the war in Ukraine. This presentation will address the latest APT activities and the significant risks they pose to cloud infrastructures and critical industrial operations. We will explore cutting-edge strategies, technical considerations and essential processes to rapidly adapt and secure cloud environments at scale against these relentless threats. The presentation will help you understand how to fortify cloud applications and infrastructure in this dynamic threat landscape.\n\n**2\\. Talk: Let's talk vulnerabilities**\n\n*Vinit K., Independent security research and threat hunting*\n\nA talk and live demo on cybersecurity threats involving terminal emulators and SSH. We will explore how URL handling in iTerm2 and Hyper can be abused for code execution, as well as delve into the recent CVE-2023-51385 vulnerability, which allows unexpected code execution via SSH ProxyCommand. The session will include interactive segments where the audience can contribute exploit ideas and deepen their understanding of these critical security issues.\n\n_Afterwards?\nWe will pre- and conclude the evening with the possibility of **socializing** at the venue with **free food and cold & hot drinks**. For everyone who's interested, we will continue socializing at the Bockenheimer Weinkontor afterward.\n\n_When?\nOur Meetup takes place on 31.07.2024 from 18.00 to 21.30 o'clock CEST.\n\n_Where?\nCHECK24 Frankfurt is located at Speicherstra\u00dfe 55 in Frankfurt am Main, ca. 15min within walking distance of Frankfurt Hauptbahnhof.\n\n_Interested in **giving a talk** yourself?\nSubmit your talk here: https://www.papercall.io/owasp-chapter-frankfurt\n\n_And now?\nSave the date, **spread the word,** and bring your friends and colleagues along to our event.\n\n_Follow Us!\nAlso, follow us here and refer to our [OWASP Frankfurt site](https://owasp.org/www-chapter-germany/stammtische/frankfurt/) for information, including slides and recordings of previous presentations\n\nWe're looking forward to seeing you at our event!"
    },
    {
        "group": "Israel",
        "repo": "www-chapter-israel",
        "name": "OWASP IL July 2024 - Special Workshop!",
        "date": "2024-07-16",
        "time": "17:30+03:00",
        "link": "https://www.meetup.com/owasp-israel/events/302035464",
        "timezone": "Asia/Jerusalem",
        "description": "This one is different from our usual meetups - **a special, one-time, hands-on workshop!**\n\nThis will be a smaller session, with strict interactivity limits, so please **ONLY SIGN UP IF YOU WILL PARTICIPATE IN THE TRAINING** :-)\n\nIn this workshop, Michal Kamensky from Bounce Security will share a small piece of her upcoming Black Hat training: **\"Accurate and Scalable: Application Bug Hunting\"**.\n\nThe interesting, important, and hard-to-find bugs are not generic. They often stem from the unique business logic of the product, so they require familiarity with it.\n\nYou will learn how to use customizable scanning tools in order to discover those sneaky vulnerabilities, at scale.\nYou will be challenged to complete exercises yourself, using a couple of open-source scanning tools, such as Semgrep and Nuclei.\nYou will see how to customize the rules in these tools so that you can find interesting patterns, while keeping it specific and omitting false positives.\nAnd while you will be using 2 specific tools, the techniques and methodology you will learn are applicable for any customizable scanner, not just these two.\n\nSo make sure to come ready to hack, scan, and most importantly - to learn valuable skills you can start applying tomorrow!\n\n**Since this is a hands-on training, we must keep it much smaller than usual, so only so please ONLY SIGN UP IF YOU WILL PARTICIPATE IN THE TRAINING.** We will be vetting registrations to keep the group small and focused on those that will be actively participating and taking part in the exercises.\n\nMake sure to bring your laptop, and ensure you can install and run the security tools we will be using."
    },
    {
        "group": "Jacksonville",
        "repo": "www-chapter-jacksonville",
        "name": "OWASP Monthly meeting ",
        "date": "2024-07-15",
        "time": "18:45-04:00",
        "link": "https://www.meetup.com/owasp-jacksonville-chapter/events/300686440",
        "timezone": "America/New_York",
        "description": "OWASP topic TBA"
    },
    {
        "group": "Kolkata",
        "repo": "www-chapter-kolkata",
        "name": "OWASP KOLKATA MEETUP #12",
        "date": "2024-07-06",
        "time": "10:00+05:30",
        "link": "https://www.meetup.com/owasp-kolkata/events/301959482",
        "timezone": "Asia/Kolkata",
        "description": "#### Proposed sessions for this event:\n\n* Breach & Attack Simulation by **Mohammed Danish Amber**\n* Introduction To SIGINT by **Soummya Mukhopadhyay**\n* Break/Group Wise Discussion by **Null Kolkata**\n* Finding UART and Getting a Root Shell on a Linux Router by **Debanjan Saha**\n* LLM Security: Can Large Language Models be Hacked? by **Sneharghya**\n* LLM Security: Can Large Language Models be Hacked? by **Arjun Ghoshal**"
    },
    {
        "group": "Los Angeles",
        "repo": "www-chapter-los-angeles",
        "name": "Los Angeles Joint Cyber Mixer",
        "date": "2024-07-29",
        "time": "18:00-07:00",
        "link": "https://www.meetup.com/owasp-los-angeles/events/301991448",
        "timezone": "America/Los_Angeles",
        "description": "Join us for our 3rd mixer with participating cybersecurity communities in Southern California, enjoy beautiful weather, amazing sunset, great conversations, network with your peers, make new friends!\nYou **don't** have to be a member of any group to participate. Mark your calendars; see you there!!\n\n**VENDOR Opportunities Available**\n*Vendors interested in attending please send an email to sponsorship.la@owasp.org*\n\n**CODE OF CONDUCT**\nWe hope you enjoy the event, we care deeply about inclusivity and diversity so that OWASP is a comfortable and welcoming community for everyone. Please reach out to one of our chapter leaders if you have any feedback/concerns or would like to speak to us, we take these matters very seriously. You can find out more about our policies here:\n[https://owasp.org/www-policy/operational/conferences-events.html#conference-and-event-anti-harassment-policy](https://owasp.org/www-policy/operational/conferences-events.html#conference-and-event-anti-harassment-policy)"
    },
    {
        "group": "Los Angeles",
        "repo": "www-chapter-los-angeles",
        "name": "OWASP LA Monthly In-Person Meeting - JUL 24, 2024",
        "date": "2024-07-24",
        "time": "17:30-07:00",
        "link": "https://www.meetup.com/owasp-los-angeles/events/299606717",
        "timezone": "America/Los_Angeles",
        "description": "**TOPIC**: Breaking Through CVE Noise: Analyzing 5 Key Prioritization Inputs\nJoin us for great networking, dinner and drinks, and see a presentation by **Chelsea Boling**, a Customer Success Architect at **FOSSA**\n\n**ABSTRACT**: Thousands of new Common Vulnerabilities and Exposures (CVEs) are reported each year, which puts a massive burden on security teams to prioritize and address the most critical threats effectively. This is especially true since most vulnerabilities aren\u2019t actually exploitable in their real-world context, and wasting time on non-exploitable issues can get in the way of remediating the most impactful vulnerabilities.\nThis talk will explore strategies to mitigate CVE overload and streamline the vulnerability resolution process. In addition to exploring complexities around CVE noise \u2014 such as the difficulty in distinguishing between high-risk, low-risk, and no-risk vulnerabilities and the pressure to maintain business continuity while ensuring robust security \u2014 we\u2019ll analyze five specific vulnerability prioritization inputs:\n\n1. CVSS scores\n2. EPSS scores\n3. VEX\n4. The CISA KEV Catalog\n5. Reachability analysis\n\nAdditionally, the talk will cover the role of automation and tooling to prioritize vulnerabilities at scale as well as recommended workflows between IT, security teams, and business units to ensure comprehensive risk management.\n\n**Thanks to our SPONSOR**: *[FOSSA](https://fossa.com/)*\n*FOSSA is a leading application security and compliance platform that specializes in helping engineering teams deliver trusted software. FOSSA enables companies to prioritize real vulnerabilities in their open source dependencies with comprehensive SCA (software composition analysis) capabilities, while also making it possible for organizations to automate compliance reporting and SBOM (software bill of materials) lifecycle management to meet customer and regulatory requirements. Founded in 2015, FOSSA is trusted by thousands of global organizations, has been downloaded nearly two million times, and has conducted nearly 100 million open-source scans.*\n\n**Thanks to our HOST**: *[HiveWatch](https://www.hivewatch.com/)*\n*Intelligent, efficient, and scalable security*\n*HiveWatch is a cloud-based SaaS platform built for physical security teams to enhance their current security technologies. It streamlines incident response, allows for the consolidation of disparate programs and systems, and reduces false alarms.*\n\n**SPONSORSHIP Opportunities Available**\n*Vendors interested in sponsoring please send an email to sponsorship.la@owasp.org*\n\n**CODE OF CONDUCT**\nWe hope you enjoy the event, we care deeply about inclusivity and diversity so that OWASP is a comfortable and welcoming community for everyone. Please reach out to one of our chapter leaders if you have any feedback/concerns or would like to speak to us, we take these matters very seriously. You can find out more about our policies here:\n[https://owasp.org/www-policy/operational/conferences-events.html#conference-and-event-anti-harassment-policy](https://owasp.org/www-policy/operational/conferences-events.html#conference-and-event-anti-harassment-policy)"
    },
    {
        "group": "Manchester",
        "repo": "www-chapter-manchester",
        "name": "OWASP Summer Scavenger Hunt",
        "date": "2024-07-13",
        "time": "13:00+01:00",
        "link": "https://www.meetup.com/owasp-manchester-uk-chapter/events/301505213",
        "timezone": "Europe/London",
        "description": "**This is a charity event and is \u00a35 to enter. Either register here and pay on the day or get your ticket in advance at Eventbrite:** https://www.eventbrite.co.uk/e/owasp-summer-scavenger-hunt-tickets-921543680957?utm-campaign=social&utm-content=attendeeshare&utm-medium=discovery&utm-term=listing\n\nDo you like running round Manchester doing pointless challenges that may or may not be Hacker related for the chance of winning a \u00a3100 Amazon voucher?\n\nYes?!?\n\nThen this is the event for you!\n\nThis July OWASP Manchester will be hosting the first inaugural Charity Summer Scavenger Hunt. What you need to know:\n\nWho\u2019s running it?\nManchester OWASP and Silverphish, you may have entered a similar one at one of the BSides or at Steelcon.\n\nWhere is it?\nOur base is the Piccadilly Central pub opposite Piccadilly Station, but the challenges will be all over the city centre.\n\nTeams\nYou can enter as a team of up to five people or as an individual. It costs \u00a35 per person to enter and the proceeds will go to the Mustard Tree.\n\nRunning Time\nRegistration is between 1pm - 2pm at Piccadilly Central, closing and prizes will be at the pub at 7pm. We\u2019re welcome to stay on at the pub after, and may take a turn round the Gay Village.\n\nPrizes\nThere will be \u00a3100 Amazon voucher PER TEAM for highest score and best submission, theres a \u00a350 Amazon voucher for runner ups (second highest score).\n\nWho will Judge?\nSilverphish, Ben from OWASP and two exciting celebrity judges.\n\nAre there sponsors?\nHell yes there are! We\u2019d like to thank PTP for supplying the prizes and FireDuck for sponsoring the infrastructure.\n\nWill we provide refreshments?\nNo. You\u2019re on your own with that. Please eat before hand, and make sure to grab a Greggs during the hunt. Obvs as the base is a pub you\u2019ll be able to buy a drink there too.\n\nIs the event suitable for Children?\nHell no. It\u2019s in a pub. It\u2019s also not totally safe for work either, so be prepared for some mild adult content.\n\nDo you need technical knowledge to enter?\nYou do not!!! There will be some mildly technical challenges but there will be plenty that are just silly or for fun.\n\nWhat should you bring with you? (These are suggestions, you\u2019re grown-ups so we take zero responsibility for you)\n\n* A water bottle\n* Snacks\n* Comfortable shoes (preferably on your feet)\n* Sun cream\n* A brolly (it\u2019s Manchester after all)\n* A sense of adventure\n* Probably some money\n\n**This I s a charity event and is \u00a35 to enter. Either register here and pay on the day or get your ticket in advance at Eventbrite:** https://www.eventbrite.co.uk/e/owasp-summer-scavenger-hunt-tickets-921543680957?utm-campaign=social&utm-content=attendeeshare&utm-medium=discovery&utm-term=listing"
    },
    {
        "group": "Nashville",
        "repo": "www-chapter-nashville",
        "name": "Cyber Risk Management - Sponsored by Brinqa",
        "date": "2024-07-24",
        "time": "17:00-05:00",
        "link": "https://www.meetup.com/owasp-nashville-chapter/events/299885911",
        "timezone": "America/Chicago",
        "description": "Brinqa will join us to discuss strategies that their customers have used that have lead to successful or unsuccessful vulnerability management programs and risk mitigation."
    },
    {
        "group": "New Zealand",
        "repo": "www-chapter-new-zealand",
        "name": "OWASP New Zealand - Auckland Meetup",
        "date": "2024-07-16",
        "time": "18:30+12:00",
        "link": "https://www.meetup.com/owasp-new-zealand-chapter-auckland/events/297786381",
        "timezone": "Pacific/Auckland",
        "description": "We're picking up our regular Meetup schedule in 2024, starting in March.\n\nOur approximate agenda for the evening:\n\n* 6:00 p.m. - Gather and networking\n* 6:30 p.m. - Introductions, Top 10 Topic\n* 7:15 p.m. - Pizza and more networking\n* 7:45 p.m. - Technical Topic\n\nWe restarted our introductory coverage of the OWASP Top 10 (2021 edition) with A01:2021 in March, covering a new item each meeting.\n\nOur Top 10 topic for July will be **A03:2021 - Injection**.\n\n**Technical Topic Speaker:** TBC\n**Talk Title:** TBC\n\nWe're always looking for presenters and topics for future meetings - contact John (john.dileo@owasp.org) if you have an idea for a topic, or a presentation you'd like to make. That way, it won't always be John talking about what he's been working on recently.\n\nThe Auckland-area OWASP Meetup usually takes place on the third Tuesdays of March, May, July, September, and November. There is no Meetup in January, as our members enjoy their holidays."
    },
    {
        "group": "Peterborough",
        "repo": "www-chapter-peterborough",
        "name": "Monthly Networking Social",
        "date": "2024-07-25",
        "time": "19:00+01:00",
        "link": "https://www.meetup.com/owasp-peterborough/events/301904100",
        "timezone": "Europe/London",
        "description": "Thirsty Thursdays.\n\nSame time. Same day each month. Differing places. Good chat.\n\n**What?**\n\n* Casual conversation over food & drinks\n\n**Where?**\n\n* It may differ each month, bars, restaurant and eateries around Peterborough\n\n**When?**\n\n* \\~ The last Thursday of each month\n\nEverybody welcome, the next event details will be chosen from the last (and so on!)."
    },
    {
        "group": "Portland",
        "repo": "www-chapter-portland",
        "name": "Designing an Efficient Penetration Test Suite",
        "date": "2024-07-18",
        "time": "17:30-07:00",
        "link": "https://www.meetup.com/owasp-portland-chapter/events/301487187",
        "timezone": "America/Los_Angeles",
        "description": "How do you define the scope of penetration testing for a web application project? Is it the OWASP Top Ten, formal guidelines established by organizations such as NIST, security stories developed by the product owner and the security team, or recommendations made by your development team? The answer is all the above depending on the client, your development environment, and your capacity to take the risk.\n\nThis presentation will share experiences gained from penetration testing of a web application hosted by a Government agency providing professional licenses to its prospective clients. The nature of the project touched numerous areas such as CJIS (Criminal Justice Information Service), Personal Identifiable Information (PII), Access Control (Authorization in particular), and adherence to the security standard\u2019s office guidelines. The challenge was to identify and prioritize the test suite that will cover these specific areas in a constrained time period. To enhance the coverage, the test suite had to include DAST (using ZAP) and some specific general scenarios.\n\nThe audience will take away some approaches that when applied can lead to a well balanced (both effective and efficient) penetration testing.\n\nSCHEDULE\nDoors open at 5:30. The talk will begin about 6pm.\n\nENTRY\nThere are doors on Washington and Broadway. Both of them auto-lock at 6pm. From 6 to 6:15pm, only the door on Broadway will be available. Take the elevator to the 11th floor.\n\nNO ENTRY AFTER 6:15 PM\nIt will not be possible to enter the building after 6:15.\n\nACKNOWLEDGEMENTS\nOur host again this month is NedSpace, a co-working space in downtown Portland--a friendly place to work when you don't want to work from home.\n\nFOOD\nWe don't yet have a sponsor for July, so there may not be food this time. Plan accordingly. (If you know a company that might like to sponsor, please put them in touch with us.)"
    },
    {
        "group": "Porto Alegre",
        "repo": "www-chapter-porto-alegre",
        "name": "OWASP Chapter POA - Encontro #15 [ONLINE]",
        "date": "2024-07-18",
        "time": "19:30-03:00",
        "link": "https://www.meetup.com/owasp-porto-alegre-chapter/events/301724132",
        "timezone": "America/Sao_Paulo",
        "description": "Em julho teremos o nosso pr\u00f3ximo encontro, online e com participa\u00e7\u00e3o de todos atrav\u00e9s do **ZOOM**.\n\nVenha aprender e conversar **com um dos principais colaboradores** do OWASP Top 10 For LLM.\n\n**Link para a transmiss\u00e3o:**\nhttps://us06web.zoom.us/j/87962925968\n\n**Confira nossa agenda:**\n\n 19h30 \\~ 20h30\n**\"Seguran\u00e7a de IA na Pr\u00e1tica: OWASP Top 10 para LLM Apps\"**\n\nNesta apresenta\u00e7\u00e3o, exploraremos as melhores pr\u00e1ticas de seguran\u00e7a para aplica\u00e7\u00f5es que utilizam Modelos de Linguagem de Grande Escala (LLM). Vamos discutir o OWASP Top 10, um guia essencial para identificar e mitigar os principais riscos de seguran\u00e7a nessas aplica\u00e7\u00f5es. Atrav\u00e9s de exemplos pr\u00e1ticos e insights detalhados, voc\u00ea aprender\u00e1 como proteger suas implementa\u00e7\u00f5es de IA, garantindo conformidade e seguran\u00e7a robusta. Esta sess\u00e3o \u00e9 fundamental para profissionais de seguran\u00e7a, desenvolvedores e l\u00edderes de tecnologia que buscam fortalecer suas defesas contra amea\u00e7as emergentes no campo da intelig\u00eancia artificial.\n\n**Palestrante:** Emmanuel Guilherme Junior \\(Cybersecurity Leadership \\| AI & LLM Security \\| Cloud Security \\| OWASP Top 10 for LLM Core Team Member\\)"
    },
    {
        "group": "San Antonio",
        "repo": "www-chapter-san-antonio",
        "name": "OWASP San Antonio Chapter Monthly Meeting-July 19th 2024",
        "date": "2024-07-19",
        "time": "11:00-05:00",
        "link": "https://www.meetup.com/owasp-sanantonio/events/301446259",
        "timezone": "America/Chicago",
        "description": "Topics- See abstracts below\n\n* Securing API's in the Cloud\n* The top API threats seen in the first quarter of 2024\n* Salesforce Security Pen Testing\n\n**Lunch Provided**\n\nsmall fee for parking est $5-$7.50 Bauerle Road Garage at UTSA Campus\n\nUniversity Room 2.06.04 - Business Building, John Peace Library, 1 UTSA Circle, San Antonio, TX 78249\n\nZOOM link provided for remote attendees\n\nWe encourage everyone to attend in person. We will have door prizes and excellent food for all to enjoy, as you take advantage of this excellent networking opportunity!\nPlease feel free to pass this information on to your peers and team members.\nPlease reply **\u201cONSITE\u201d** if you plan on attending in person so we can finalize headcount for food and room attendance \n\n**Presentations will include:**\n***I. Presentation on API Lifecycle-Optiv***\nAPI lifecycle graphic review-provided baseline understanding of API journey-Optiv\n***II. Securing APIs in the Cloud: Insights and Best Practices- Palo Alto***\nThis presentation explores the current state of API security in the cloud, covering industry trends and common challenges organizations face. It delves into effective strategies for API discovery, risk profiling, and real-time protection, providing practical insights and best practices to enhance API security. The discussion will highlight key concerns such as inadequate authentication, lack of visibility, and poor endpoint management, aiming to equip attendees with the knowledge to better secure their API ecosystems.\n***III. API ThreatStats\u2122 Report Q1 2024 Spotlight: Why API Security Is The First Thing For Enterprise AI- Wallarm***\nThe Wallarm Research Team has analyzed billions of data points to identify the top API vulnerabilities and exploits for the 1st quarter of 2024, shining a spotlight on the rising threat of API attacks targeting AI applications. The report explores the top significant threats, identifies key trends, and provides actionable insights that can help you strengthen your API Security program, with an emphasis on identifying and protecting your AI applications from API security issues.\n***IV. Salesforce Pen-testing-Rodney***\nTopic 2-PaaS Cloud Goat is a simulated vulnerable Salesforce\nApplication providing hands-on experience with penetration testing of custom Salesforce applications. The tool is similar to other test tools like AWS CloudGoat, CloudFoxable, AzureGoat, GCPGoat, and Pen-Testing Cloud REST APIs in OpenStack. It is not, however, a tool for attacking [Salesforce.com](http://salesforce.com/) itself. It is novel because it focuses on custom applications deployed using the Salesforce platform and is the first tool to provide lab exercises with a collection of security tests. The main takeaways:\n1\\. Hands\\-on learning opportunity of security tests for a custom Salesforce application\n2\\. Detailed training documentation material about the underlying flaws to look for\n3\\. Single consolidated list of common Salesforce application vulnerabilities"
    },
    {
        "group": "Seattle",
        "repo": "www-chapter-seattle",
        "name": "Security Social Lunch Hours",
        "date": "2024-07-10",
        "time": "12:00-07:00",
        "link": "https://www.meetup.com/owasp-seattle-chapter/events/300539096",
        "timezone": "America/Los_Angeles",
        "description": "At noon on the 2nd Wednesday of every month we host a social meeting on Zoom with mini talks and breakout rooms. The main room will always be open for social time but we plan to have 1-2 topic breakouts you can join. If the breakout session topic interests you, join that discussion. Feeling more like a casual chat and exploring other topics? Visit the main room to strike up a conversation.\n\nSuggest topics you\u2019d like to see breakout rooms for and let us know if you\u2019d like to sign up to lead one.\n\nSlack @ #chapter-seattle (https://bit.ly/owasp-seattle-slack)\n\nseattle-chapter@owasp.org (https://groups.google.com/a/owasp.org/g/seattle-chapter)"
    },
    {
        "group": "Toronto",
        "repo": "www-chapter-toronto",
        "name": "OWASP Toronto | Improving the SOC with SOC-CMM",
        "date": "2024-07-17",
        "time": "18:30-04:00",
        "link": "https://www.meetup.com/owasp-toronto/events/301854096",
        "timezone": "America/Toronto",
        "description": "\\*\\* The talk is hosted on the 3rd floor of 171 John Street \\*\\*\n\n**TALK**\n**\\-\\-\\-\\-\\-\\-\\-\\-\\-\\-\\-**\n\n**SOC Capability Maturity Model (SOC-CMM)**\n\n**Summary:**\n\nIn today's ever-evolving threat landscape, a robust Security Operations Center (SOC) is no longer a luxury, but a necessity. However, building a SOC from the ground up can be a daunting task. This presentation introduces attendees to the SOC Capability Maturity Model (SOC-CMM), a powerful framework designed to guide organizations in establishing and maturing their SOC capabilities.\n\nThrough practical examples and real-world scenarios, attendees will learn how to leverage the SOC-CMM to:\n\n* Define clear business objectives for their SOC.\n* Develop a comprehensive staffing strategy with the right skill sets.\n* Establish efficient and repeatable security processes.\n* Select and implement the most suitable security technologies.\n* Integrate seamlessly with existing IT infrastructure and security services.\n\n**Presenters**\n\nIvan Salles ([https://www.linkedin.com/in/ivansalles/](https://www.linkedin.com/in/ivansalles/))\n\nA SecOps professional with extensive global consulting experience, specializing in strategic guidance for topics including SOC, MDR, EDR, XDR, SIEM, and Vulnerability Management. Ivan collaborates as an Advisory Board member at Mente Binaria and a staff at SOC Brazil; he currently serves as the Director of Strategic Initiatives - SOC at Trend Micro Canada. Additionally, he shares his expertise as a Professor for Networking & Security at Fanshawe College. Based in London, Ontario, he enjoys spending time with his family."
    },
    {
        "group": "Uruguay",
        "repo": "www-chapter-uruguay",
        "name": "OWASP Meetup - Julio",
        "date": "2024-07-16",
        "time": "19:00-03:00",
        "link": "https://www.meetup.com/owasp-uruguay-chapter/events/302007575",
        "timezone": "America/Montevideo",
        "description": "**\u00a1OWASP UY te invita a su pr\u00f3ximo Meetup!**\n\nLas exposiciones ser\u00e1n las siguientes:\n\n**Maximiliano Alonzo: Security by design**\n*TBA.*\n\n**Sebasti\u00e1n Passaro: Bug bounty 101**\n*Vamos a tocar diversos aspectos del bug bounty hunting:*\n\n* *\u00bfQu\u00e9 es?*\n* *\u00bfC\u00f3mo y d\u00f3nde se hace?*\n* *\u00bf$$$?*\n* *Programas privados, programas p\u00fablicos y eventos especiales.*\n* *\u00bfC\u00f3mo aporta a la industria?*\n* *Aportes de los presentes sobre experiencias propias.*\n\n**\u00bfCu\u00e1ndo?** Martes 16/7, 19:00.\n**\u00bfD\u00f3nde?** Howdy House, Francisco Garc\u00eda Cortinas 2357, piso 3.\n**\u00bfC\u00f3mo participar?** Simplemente te registras al evento. Los cupos son limitados por capacidad del lugar. Si est\u00e1s en lista de espera ser\u00e1s notificado cuando se liberen lugares.\n\n**\u00a1Te esperamos!**"
    },
    {
        "group": "Vancouver",
        "repo": "www-chapter-vancouver",
        "name": "Webauthn - WTF or FTW?",
        "date": "2024-07-18",
        "time": "18:00-07:00",
        "link": "https://www.meetup.com/owasp-vancouver-chapter/events/298516371",
        "timezone": "America/Vancouver",
        "description": "**Webauthn - WTF or FTW?** with Don Burks\n\nWhile it has been around for a few years, the Web Authentication Standard (or Webauthn) is just starting to become mainstream. This talk will explore some of the real-world applications of this technology, in particular discussing adoption strategies, observability practices, and evaluating Webauthn against other strategies such as OAuth and 2FA.\n\n**Don Burks** is a technical leader who has been working in the industry for over 25 years. Former Head Instructor of Lighthouse Labs and with experience both in startups and FAANG companies, Don's background in software development and technical leadership has provided a wealth of experience which he shares in books, talks, and the great teams with which he gets to work. Currently, Don is the Director of Engineering for Bulletproof Studio Tools, based in Vancouver, BC."
    },
    {
        "group": "Wrongsecrets",
        "repo": "www-project-wrongsecrets",
        "name": "OWASP Frankfurt Chapter #66 - Cloud Security & Vulnerability Disclosure",
        "date": "2024-07-31",
        "time": "18:00+02:00",
        "link": "https://www.meetup.com/owasp-frankfurt/events/300654912",
        "timezone": "Europe/Berlin",
        "description": "Hello everyone, we're excited to invite you to our OWASP Chapter meeting #66! Our Chapter serves central Germany, particularly within the Rhine-Main (Hesse) region, as a platform to discuss and share information and application security topics. Anyone who is interested and enthusiastic about application security or security in general is welcome. All meetings are free and open. You do not have to be an OWASP member.\n\nThere will also be plenty of time to socialize before and after the event.\n\n_What are we going to talk about?\n\n**1\\. Talk:** **Security at Scale - Mastering Cloud Security in the Cyberwar Era**\n\n*Dominik Sowinski, Cybersecurity Architect & Cybersecurity Community Lead, Siemens*\n\nIn the midst of rapid cloud transformation, industrial organisations face an ever-evolving cyber threat landscape, exacerbated by global events such as the war in Ukraine. This presentation will address the latest APT activities and the significant risks they pose to cloud infrastructures and critical industrial operations. We will explore cutting-edge strategies, technical considerations and essential processes to rapidly adapt and secure cloud environments at scale against these relentless threats. The presentation will help you understand how to fortify cloud applications and infrastructure in this dynamic threat landscape.\n\n**2\\. Talk: Let's talk vulnerabilities**\n\n*Vinit K., Independent security research and threat hunting*\n\nA talk and live demo on cybersecurity threats involving terminal emulators and SSH. We will explore how URL handling in iTerm2 and Hyper can be abused for code execution, as well as delve into the recent CVE-2023-51385 vulnerability, which allows unexpected code execution via SSH ProxyCommand. The session will include interactive segments where the audience can contribute exploit ideas and deepen their understanding of these critical security issues.\n\n_Afterwards?\nWe will pre- and conclude the evening with the possibility of **socializing** at the venue with **free food and cold & hot drinks**. For everyone who's interested, we will continue socializing at the Bockenheimer Weinkontor afterward.\n\n_When?\nOur Meetup takes place on 31.07.2024 from 18.00 to 21.30 o'clock CEST.\n\n_Where?\nCHECK24 Frankfurt is located at Speicherstra\u00dfe 55 in Frankfurt am Main, ca. 15min within walking distance of Frankfurt Hauptbahnhof.\n\n_Interested in **giving a talk** yourself?\nSubmit your talk here: https://www.papercall.io/owasp-chapter-frankfurt\n\n_And now?\nSave the date, **spread the word,** and bring your friends and colleagues along to our event.\n\n_Follow Us!\nAlso, follow us here and refer to our [OWASP Frankfurt site](https://owasp.org/www-chapter-germany/stammtische/frankfurt/) for information, including slides and recordings of previous presentations\n\nWe're looking forward to seeing you at our event!"
    }
]